idx,y_true,pred_cpu,pred_ft,pred_trans,nov_cpu_view,nov_ft_view,cpu_correct,ft_correct,trans_correct
0,alginate,alginate,alginate,alginate,0.0,0.0,1,1,1
1,alginate,alginate,alginate,alginate,0.0,0.0,1,1,1
2,alginate,alginate,alginate,alginate,0.0,0.0,1,1,1
3,alginate,alginate,alginate,alginate,0.125,0.0,1,1,1
4,alginate,alginate,alginate,alginate,0.0,0.14285714285714285,1,1,1
5,alginate,alginate,alginate,alginate,0.0,0.16666666666666666,1,1,1
6,alginate,alginate,alginate,alginate,0.14285714285714285,0.0,1,1,1
7,alginate,alginate,alginate,alginate,0.25,0.3333333333333333,1,1,1
8,alginate,alginate,alginate,alginate,0.375,0.0,1,1,1
9,alginate,alginate,alginate,alginate,0.0,0.0,1,1,1
10,alginate,alginate,alginate,alginate,0.045454545454545456,0.0,1,1,1
11,alginate,alginate,alginate,alginate,0.0,0.0,1,1,1
12,alginate,alginate,alginate,alginate,0.0,0.0,1,1,1
13,alginate,alginate,alginate,alginate,0.0,0.0,1,1,1
14,alginate,alginate,alginate,alginate,0.0,0.0,1,1,1
15,alginate,alginate,alginate,alginate,0.0,0.0,1,1,1
16,alginate,alginate,alginate,galactan,0.0,0.0,1,1,0
17,alginate,alginate,alginate,alginate,0.0,0.0,1,1,1
18,alginate,alginate,alginate,alginate,0.25,0.3333333333333333,1,1,1
19,alginate,alginate,alginate,alginate,0.125,0.0,1,1,1
20,alginate,alginate,alginate,alginate,0.0,0.0,1,1,1
21,alginate,alginate,alginate,alginate,0.0,0.0,1,1,1
22,alginate,alginate,alginate,alginate,0.0,0.0,1,1,1
23,alginate,alginate,alginate,alginate,0.0,0.0,1,1,1
24,alginate,alginate,alginate,alginate,0.0,0.0,1,1,1
25,alginate,alginate,alginate,alginate,0.0,0.0,1,1,1
26,alginate,alginate,alginate,alginate,0.0,0.0,1,1,1
27,alginate,alginate,alginate,alginate,0.0,0.0,1,1,1
28,alginate,alginate,alginate,alginate,0.0,0.0,1,1,1
29,alginate,alginate,alginate,alginate,0.0,0.0,1,1,1
30,alginate,alginate,alginate,alginate,0.0,0.0,1,1,1
31,alginate,alginate,alginate,alginate,0.0,0.0,1,1,1
32,alginate,alginate,alginate,alginate,0.0,0.0,1,1,1
33,alginate,alginate,alginate,alginate,0.0,0.0,1,1,1
34,alginate,alginate,alginate,alginate,0.0,0.0,1,1,1
35,alginate,alginate,alginate,alginate,0.125,0.0,1,1,1
36,alginate,alginate,host glycan,pectin,0.0,0.0,1,0,0
37,alginate,alginate,alginate,alginate,0.0,0.0,1,1,1
38,alginate,alginate,alginate,alginate,0.0,0.0,1,1,1
39,alginate,alginate,alginate,alginate,0.0,0.0,1,1,1
40,alginate,alginate,alginate,alginate,0.0,0.0,1,1,1
41,alginate,alginate,alginate,alginate,0.0,0.0,1,1,1
42,alginate,alginate,alginate,alginate,0.0,0.14285714285714285,1,1,1
43,alginate,alginate,alginate,alginate,0.0,0.0,1,1,1
44,alginate,alginate,alginate,alginate,0.0,0.0,1,1,1
45,alginate,alginate,alginate,alginate,0.0,0.0,1,1,1
46,alginate,alginate,alginate,alginate,0.0,0.0,1,1,1
47,alginate,alginate,alginate,alginate,0.0,0.0,1,1,1
48,alpha-glucan,alpha-glucan,alpha-glucan,alpha-glucan,0.0,0.0,1,1,1
49,alpha-glucan,alpha-glucan,alpha-glucan,alpha-glucan,0.0,0.0,1,1,1
50,alpha-glucan,alpha-glucan,alpha-glucan,alpha-glucan,0.0,0.16666666666666666,1,1,1
51,alpha-glucan,alpha-glucan,alpha-glucan,alpha-glucan,0.0,0.0,1,1,1
52,alpha-glucan,alpha-glucan,alpha-glucan,alpha-glucan,0.0,0.0,1,1,1
53,alpha-glucan,alpha-glucan,alpha-glucan,alpha-glucan,0.0,0.0,1,1,1
54,alpha-glucan,alpha-glucan,alpha-glucan,alpha-glucan,0.0,0.0,1,1,1
55,alpha-glucan,alpha-glucan,alpha-glucan,alpha-glucan,0.0,0.5,1,1,1
56,alpha-glucan,alpha-glucan,alpha-glucan,galactan,0.0,0.3333333333333333,1,1,0
57,alpha-glucan,alpha-glucan,alpha-glucan,fructan,0.0,0.5,1,1,0
58,alpha-glucan,alpha-glucan,alpha-glucan,alpha-glucan,0.0,0.25,1,1,1
59,alpha-glucan,alpha-glucan,alpha-glucan,alpha-glucan,0.16666666666666666,0.2222222222222222,1,1,1
60,alpha-glucan,alpha-glucan,alpha-glucan,alpha-glucan,0.08333333333333333,0.0,1,1,1
61,alpha-glucan,alpha-glucan,alpha-glucan,alpha-glucan,0.0,0.0,1,1,1
62,alpha-glucan,alpha-glucan,alpha-glucan,alpha-glucan,0.0,0.0,1,1,1
63,alpha-glucan,alpha-glucan,alpha-glucan,alpha-glucan,0.0,0.0,1,1,1
64,alpha-glucan,beta-glucan,alpha-glucan,alpha-glucan,0.0,0.0,0,1,1
65,alpha-glucan,alpha-glucan,alpha-glucan,fructan,0.3333333333333333,0.3333333333333333,1,1,0
66,alpha-glucan,alpha-glucan,alpha-glucan,alpha-glucan,0.0,0.0,1,1,1
67,alpha-glucan,alpha-glucan,alpha-glucan,alpha-glucan,0.0,0.0,1,1,1
68,alpha-glucan,alpha-glucan,alpha-glucan,alpha-glucan,0.0,0.0,1,1,1
69,alpha-glucan,alpha-glucan,alpha-glucan,alpha-glucan,0.0,0.0,1,1,1
70,alpha-glucan,alpha-glucan,alpha-glucan,alpha-glucan,0.0,0.0,1,1,1
71,alpha-glucan,alpha-glucan,alpha-glucan,alpha-glucan,0.0,0.0,1,1,1
72,alpha-glucan,alpha-glucan,alpha-glucan,alpha-glucan,0.0,0.0,1,1,1
73,alpha-glucan,alpha-glucan,alpha-glucan,alpha-glucan,0.0,0.0,1,1,1
74,alpha-glucan,alpha-glucan,alpha-glucan,alpha-glucan,0.0,0.0,1,1,1
75,alpha-glucan,alpha-glucan,alpha-glucan,alpha-glucan,0.0,0.0,1,1,1
76,alpha-glucan,alpha-glucan,alpha-glucan,alpha-glucan,0.0,0.0,1,1,1
77,alpha-glucan,alpha-glucan,alpha-glucan,alpha-glucan,0.0,0.0,1,1,1
78,alpha-glucan,alpha-glucan,alpha-glucan,alpha-glucan,0.0,0.0,1,1,1
79,alpha-glucan,alpha-glucan,alpha-glucan,alpha-glucan,0.0,0.0,1,1,1
80,alpha-glucan,alpha-glucan,alpha-glucan,alpha-glucan,0.0,0.0,1,1,1
81,alpha-glucan,alpha-glucan,alpha-glucan,alpha-glucan,0.0,0.0,1,1,1
82,alpha-glucan,alpha-glucan,alpha-glucan,alpha-glucan,0.0,0.0,1,1,1
83,alpha-glucan,alpha-glucan,alpha-glucan,alpha-glucan,0.0,0.0,1,1,1
84,alpha-glucan,alpha-glucan,alpha-glucan,alpha-glucan,0.0,0.0,1,1,1
85,alpha-glucan,alpha-glucan,alpha-glucan,alpha-glucan,0.0,0.0,1,1,1
86,alpha-glucan,alpha-glucan,alpha-glucan,alpha-glucan,0.0,0.16666666666666666,1,1,1
87,alpha-glucan,alpha-glucan,alpha-glucan,alpha-glucan,0.0,0.0,1,1,1
88,alpha-glucan,alpha-glucan,alpha-glucan,alpha-glucan,0.0,0.2,1,1,1
89,alpha-glucan,alpha-glucan,alpha-glucan,alpha-glucan,0.0,0.0,1,1,1
90,alpha-glucan,alpha-glucan,alpha-glucan,alpha-glucan,0.0,0.0,1,1,1
91,alpha-glucan,alpha-glucan,alpha-glucan,fructan,0.0,0.0,1,1,0
92,alpha-glucan,alpha-glucan,alpha-glucan,alpha-glucan,0.0,0.0,1,1,1
93,alpha-glucan,alpha-glucan,alpha-glucan,alpha-glucan,0.0,0.0,1,1,1
94,alpha-glucan,alpha-glucan,alpha-glucan,alpha-glucan,0.0,0.4,1,1,1
95,alpha-glucan,alpha-glucan,alpha-glucan,alpha-glucan,0.0,0.3333333333333333,1,1,1
96,alpha-glucan,alpha-glucan,alpha-glucan,alpha-glucan,0.0,0.0,1,1,1
97,alpha-glucan,alpha-glucan,alpha-glucan,alpha-glucan,0.0,0.0,1,1,1
98,alpha-glucan,alpha-glucan,alpha-glucan,alpha-glucan,0.1111111111111111,0.2222222222222222,1,1,1
99,alpha-glucan,alpha-glucan,alpha-glucan,alpha-glucan,0.0,0.2,1,1,1
100,alpha-glucan,alpha-glucan,alpha-glucan,alpha-glucan,0.0,0.16666666666666666,1,1,1
101,alpha-glucan,alpha-glucan,alpha-glucan,alpha-glucan,0.0,0.0,1,1,1
102,alpha-glucan,alpha-glucan,alpha-glucan,alpha-glucan,0.0,0.0,1,1,1
103,alpha-glucan,alpha-glucan,alpha-glucan,fructan,0.0,0.5,1,1,0
104,alpha-glucan,alpha-glucan,alpha-glucan,alpha-glucan,0.0,0.0,1,1,1
105,alpha-glucan,alpha-glucan,alpha-glucan,fructan,0.0,0.0,1,1,0
106,alpha-glucan,alpha-glucan,alpha-glucan,fructan,0.0,0.0,1,1,0
107,alpha-glucan,host glycan,fructan,fructan,0.25,0.3333333333333333,0,0,0
108,alpha-glucan,alpha-glucan,fructan,fructan,0.0,0.0,1,0,0
109,alpha-glucan,alpha-glucan,alpha-glucan,alpha-glucan,0.0,0.0,1,1,1
110,alpha-glucan,alpha-glucan,alpha-glucan,galactan,0.0,0.0,1,1,0
111,alpha-glucan,alpha-glucan,alpha-glucan,galactan,0.0,0.5,1,1,0
112,alpha-glucan,alpha-glucan,alpha-glucan,galactan,0.0,0.3333333333333333,1,1,0
113,alpha-glucan,alpha-glucan,alpha-glucan,alpha-glucan,0.0,0.0,1,1,1
114,alpha-glucan,alpha-glucan,alpha-glucan,alpha-glucan,0.07692307692307693,0.08333333333333333,1,1,1
115,alpha-glucan,alpha-glucan,alpha-glucan,alpha-glucan,0.0,0.0,1,1,1
116,alpha-glucan,alpha-glucan,alpha-glucan,alpha-glucan,0.0,0.0,1,1,1
117,alpha-glucan,alpha-glucan,alpha-glucan,alpha-glucan,0.0,0.0,1,1,1
118,alpha-glucan,alpha-glucan,alpha-glucan,alpha-glucan,0.0,0.0,1,1,1
119,alpha-glucan,alpha-glucan,alpha-glucan,alpha-glucan,0.0,0.0,1,1,1
120,alpha-glucan,host glycan,host glycan,alpha-glucan,0.0,0.0,0,0,1
121,alpha-glucan,alpha-glucan,alpha-glucan,alpha-glucan,0.0,0.0,1,1,1
122,alpha-glucan,alpha-glucan,alpha-glucan,alpha-glucan,0.0,0.0,1,1,1
123,alpha-glucan,alpha-glucan,alpha-glucan,alpha-glucan,0.0,0.0,1,1,1
124,alpha-glucan,alpha-glucan,alpha-glucan,galactan,0.0,0.0,1,1,0
125,alpha-glucan,alpha-glucan,alpha-glucan,alpha-glucan,0.0,0.0,1,1,1
126,alpha-glucan,alpha-glucan,alpha-glucan,alpha-glucan,0.0,0.0,1,1,1
127,alpha-glucan,alpha-glucan,alpha-glucan,alpha-glucan,0.0,0.0,1,1,1
128,alpha-glucan,alpha-glucan,alpha-glucan,alpha-glucan,0.0,0.0,1,1,1
129,alpha-glucan,alpha-glucan,alpha-glucan,alpha-glucan,0.0,0.0,1,1,1
130,alpha-glucan,alpha-glucan,alpha-glucan,alpha-glucan,0.0,0.0,1,1,1
131,alpha-glucan,alpha-glucan,alpha-glucan,alpha-glucan,0.0,0.0,1,1,1
132,alpha-glucan,alpha-glucan,alpha-glucan,alpha-glucan,0.0,0.0,1,1,1
133,alpha-glucan,alpha-glucan,alpha-glucan,alpha-glucan,0.0,0.0,1,1,1
134,alpha-glucan,alpha-glucan,alpha-glucan,alpha-glucan,0.0,0.3333333333333333,1,1,1
135,alpha-glucan,alpha-glucan,alpha-glucan,alpha-glucan,0.0,0.0,1,1,1
136,alpha-glucan,fructan,fructan,alpha-glucan,0.0,0.16666666666666666,0,0,1
137,alpha-glucan,alpha-glucan,fructan,fructan,0.0,0.0,1,0,0
138,alpha-glucan,alpha-glucan,alpha-glucan,alpha-glucan,0.0,0.0,1,1,1
139,alpha-glucan,alpha-glucan,alpha-glucan,alpha-glucan,0.0,0.2,1,1,1
140,alpha-glucan,alpha-glucan,alpha-glucan,alpha-glucan,0.0,0.0,1,1,1
141,alpha-glucan,alpha-glucan,alpha-glucan,alpha-glucan,0.0,0.3333333333333333,1,1,1
142,alpha-glucan,alpha-glucan,alpha-glucan,alpha-glucan,0.0,0.0,1,1,1
143,alpha-glucan,alpha-glucan,alpha-glucan,alpha-glucan,0.0,0.0,1,1,1
144,alpha-glucan,alpha-glucan,alpha-glucan,alpha-glucan,0.25,0.3333333333333333,1,1,1
145,alpha-glucan,alpha-glucan,alpha-glucan,fructan,0.0,0.0,1,1,0
146,alpha-glucan,alpha-glucan,alpha-glucan,fructan,0.0,0.0,1,1,0
147,alpha-glucan,alpha-glucan,alpha-glucan,alpha-glucan,0.0,0.0,1,1,1
148,alpha-glucan,alpha-glucan,alpha-glucan,alpha-glucan,0.0,0.0,1,1,1
149,alpha-glucan,alpha-glucan,alpha-glucan,alpha-glucan,0.0,0.0,1,1,1
150,alpha-glucan,alpha-glucan,alpha-glucan,alpha-glucan,0.0,0.125,1,1,1
151,alpha-glucan,alpha-glucan,alpha-glucan,alpha-glucan,0.0,0.0,1,1,1
152,alpha-glucan,alpha-glucan,alpha-glucan,alpha-glucan,0.0,0.0,1,1,1
153,alpha-glucan,alpha-glucan,alpha-glucan,alpha-glucan,0.0,0.0,1,1,1
154,alpha-glucan,alpha-glucan,alpha-glucan,alpha-glucan,0.0,0.125,1,1,1
155,alpha-glucan,fructan,fructan,fructan,0.5,0.5,0,0,0
156,alpha-glucan,alpha-glucan,alpha-glucan,alpha-glucan,0.0,0.0,1,1,1
157,alpha-glucan,alpha-glucan,alpha-glucan,alpha-glucan,0.0,0.0,1,1,1
158,alpha-glucan,fructan,fructan,fructan,0.5,0.5,0,0,0
159,alpha-glucan,alpha-glucan,alpha-glucan,alpha-glucan,0.0,0.0,1,1,1
160,alpha-glucan,alpha-glucan,alpha-glucan,alpha-glucan,0.0,0.0,1,1,1
161,alpha-glucan,alpha-glucan,alpha-glucan,alpha-glucan,0.0,0.0,1,1,1
162,alpha-glucan,alpha-glucan,alpha-glucan,alpha-glucan,0.0,0.0,1,1,1
163,alpha-glucan,alpha-glucan,alpha-glucan,alpha-glucan,0.0,0.0,1,1,1
164,alpha-glucan,alpha-glucan,alpha-glucan,fructan,0.0,0.0,1,1,0
165,alpha-glucan,alpha-glucan,alpha-glucan,alpha-glucan,0.25,0.25,1,1,1
166,alpha-glucan,alpha-glucan,alpha-glucan,alpha-glucan,0.0,0.0,1,1,1
167,alpha-glucan,fructan,fructan,alpha-glucan,0.0,0.16666666666666666,0,0,1
168,alpha-glucan,alpha-glucan,alpha-glucan,alpha-glucan,0.0,0.0,1,1,1
169,alpha-glucan,alpha-glucan,alpha-glucan,alpha-glucan,0.0,0.0,1,1,1
170,alpha-glucan,alpha-glucan,alpha-glucan,alpha-glucan,0.0,0.0,1,1,1
171,alpha-glucan,alpha-glucan,alpha-glucan,alpha-glucan,0.0,0.0,1,1,1
172,alpha-glucan,alpha-glucan,alpha-glucan,alpha-glucan,0.0,0.0,1,1,1
173,alpha-glucan,alpha-glucan,alpha-glucan,alpha-glucan,0.0,0.0,1,1,1
174,alpha-glucan,alpha-glucan,alpha-glucan,alpha-glucan,0.0,0.0,1,1,1
175,alpha-glucan,alpha-glucan,alpha-glucan,alpha-glucan,0.0,0.0,1,1,1
176,alpha-mannan,host glycan,host glycan,alpha-mannan,0.0,0.0,0,0,1
177,alpha-mannan,alpha-mannan,alpha-mannan,alpha-mannan,0.0,0.2857142857142857,1,1,1
178,alpha-mannan,alpha-mannan,alpha-mannan,alpha-mannan,0.0,0.25,1,1,1
179,alpha-mannan,alpha-mannan,alpha-mannan,alpha-mannan,0.0,0.0,1,1,1
180,alpha-mannan,alpha-mannan,alpha-mannan,alpha-mannan,0.0,0.0,1,1,1
181,alpha-mannan,alpha-mannan,alpha-mannan,alpha-mannan,0.0,0.0,1,1,1
182,alpha-mannan,alpha-mannan,alpha-mannan,alpha-mannan,0.0,0.0,1,1,1
183,alpha-mannan,alpha-mannan,alpha-mannan,alpha-mannan,0.1,0.0,1,1,1
184,alpha-mannan,alpha-mannan,alpha-mannan,alpha-mannan,0.0,0.0,1,1,1
185,alpha-mannan,alpha-mannan,alpha-mannan,alpha-mannan,0.0,0.0,1,1,1
186,alpha-mannan,alpha-mannan,alpha-mannan,alpha-mannan,0.0,0.0,1,1,1
187,alpha-mannan,alpha-mannan,alpha-mannan,alpha-mannan,0.0,0.25,1,1,1
188,alpha-mannan,alpha-mannan,alpha-mannan,alpha-mannan,0.0,0.0,1,1,1
189,alpha-mannan,alpha-mannan,alpha-mannan,alpha-mannan,0.0,0.2,1,1,1
190,alpha-mannan,alpha-mannan,alpha-mannan,alpha-mannan,0.0,0.0,1,1,1
191,alpha-mannan,alpha-mannan,alpha-mannan,alpha-mannan,0.2,0.0,1,1,1
192,alpha-mannan,alpha-mannan,alpha-mannan,alpha-mannan,0.14285714285714285,0.15384615384615385,1,1,1
193,alpha-mannan,alpha-mannan,alpha-mannan,alpha-mannan,0.0,0.0,1,1,1
194,alpha-mannan,alpha-mannan,alpha-mannan,alpha-mannan,0.0,0.2,1,1,1
195,alpha-mannan,alpha-mannan,alpha-mannan,alpha-mannan,0.0,0.2,1,1,1
196,alpha-mannan,alpha-mannan,alpha-mannan,alpha-mannan,0.0,0.0,1,1,1
197,alpha-mannan,alpha-mannan,alpha-mannan,alpha-mannan,0.0,0.0,1,1,1
198,arabinogalactan,arabinogalactan,arabinogalactan,pectin,0.0,0.0,1,1,0
199,arabinogalactan,arabinogalactan,arabinogalactan,pectin,0.0,0.0,1,1,0
200,arabinogalactan,xylan,xylan,arabinogalactan,0.0,0.3333333333333333,0,0,1
201,arabinogalactan,arabinogalactan,arabinogalactan,arabinogalactan,0.0,0.0,1,1,1
202,arabinogalactan,arabinogalactan,arabinogalactan,arabinogalactan,0.0,0.0,1,1,1
203,arabinogalactan,arabinogalactan,arabinogalactan,arabinogalactan,0.14285714285714285,0.2777777777777778,1,1,1
204,arabinogalactan,arabinogalactan,arabinogalactan,arabinogalactan,0.0,0.0,1,1,1
205,arabinogalactan,xylan,xylan,xylan,0.0,0.0,0,0,0
206,arabinogalactan,arabinogalactan,arabinogalactan,arabinogalactan,0.08333333333333333,0.1,1,1,1
207,arabinogalactan,pectin,pectin,xylan,0.16666666666666666,0.0,0,0,0
208,arabinogalactan,beta-glucan,arabinogalactan,host glycan,0.0,0.0,0,1,0
209,arabinogalactan,arabinogalactan,arabinogalactan,arabinogalactan,0.0,0.0,1,1,1
210,arabinogalactan,arabinogalactan,arabinogalactan,arabinogalactan,0.0,0.0,1,1,1
211,arabinogalactan,arabinogalactan,arabinogalactan,beta-glucan,0.0,0.0,1,1,0
212,arabinogalactan,arabinogalactan,arabinogalactan,arabinogalactan,0.0,0.16666666666666666,1,1,1
213,arabinogalactan,arabinogalactan,arabinogalactan,pectin,0.0,0.0,1,1,0
214,arabinogalactan,arabinogalactan,arabinogalactan,arabinogalactan,0.0,0.0,1,1,1
215,arabinogalactan,arabinogalactan,arabinogalactan,arabinogalactan,0.0,0.0,1,1,1
216,arabinogalactan,arabinogalactan,arabinogalactan,arabinogalactan,0.0,0.0,1,1,1
217,arabinogalactan,arabinogalactan,arabinogalactan,arabinogalactan,0.0,0.0,1,1,1
218,arabinogalactan,host glycan,host glycan,host glycan,0.0,0.0,0,0,0
219,arabinogalactan,arabinogalactan,arabinogalactan,arabinogalactan,0.0,0.0,1,1,1
220,arabinogalactan,pectin,pectin,arabinogalactan,0.0,0.0,0,0,1
221,arabinogalactan,host glycan,arabinogalactan,galactan,0.1111111111111111,0.0,0,1,0
222,arabinogalactan,beta-mannan,galactan,beta-mannan,0.125,0.16666666666666666,0,0,0
223,arabinogalactan,arabinogalactan,arabinogalactan,pectin,0.0,0.0,1,1,0
224,arabinogalactan,arabinogalactan,arabinogalactan,arabinogalactan,0.0,0.16666666666666666,1,1,1
225,arabinogalactan,arabinogalactan,arabinogalactan,arabinogalactan,0.0,0.14285714285714285,1,1,1
226,arabinogalactan,pectin,pectin,arabinogalactan,0.0,0.1111111111111111,0,0,1
227,arabinogalactan,arabinogalactan,arabinogalactan,arabinogalactan,0.0,0.0,1,1,1
228,arabinogalactan,arabinogalactan,arabinogalactan,arabinogalactan,0.0,0.0,1,1,1
229,arabinogalactan,arabinogalactan,alpha-glucan,galactan,0.2857142857142857,0.3333333333333333,1,0,0
230,arabinogalactan,arabinogalactan,arabinogalactan,arabinogalactan,0.0,0.0,1,1,1
231,arabinogalactan,arabinogalactan,arabinogalactan,arabinogalactan,0.0,0.0,1,1,1
232,arabinogalactan,arabinogalactan,arabinogalactan,arabinogalactan,0.0,0.0,1,1,1
233,arabinogalactan,arabinogalactan,arabinogalactan,arabinogalactan,0.0,0.0,1,1,1
234,beta-glucan,beta-glucan,beta-glucan,beta-glucan,0.0,0.25,1,1,1
235,beta-glucan,beta-glucan,beta-glucan,beta-glucan,0.0,0.5,1,1,1
236,beta-glucan,beta-glucan,beta-glucan,beta-glucan,0.0,0.0,1,1,1
237,beta-glucan,beta-glucan,beta-glucan,beta-glucan,0.0,0.0,1,1,1
238,beta-glucan,beta-glucan,beta-glucan,beta-glucan,0.0,0.0,1,1,1
239,beta-glucan,beta-glucan,beta-glucan,beta-glucan,0.0,0.0,1,1,1
240,beta-glucan,beta-glucan,beta-glucan,beta-glucan,0.0,0.0,1,1,1
241,beta-glucan,beta-glucan,beta-glucan,beta-glucan,0.0,0.0,1,1,1
242,beta-glucan,beta-glucan,beta-glucan,xylan,0.0,0.6666666666666666,1,1,0
243,beta-glucan,beta-glucan,beta-glucan,beta-glucan,0.0,0.5,1,1,1
244,beta-glucan,beta-glucan,beta-glucan,beta-glucan,0.0,0.2857142857142857,1,1,1
245,beta-glucan,beta-glucan,beta-glucan,beta-glucan,0.0,0.375,1,1,1
246,beta-glucan,beta-glucan,beta-glucan,beta-glucan,0.09090909090909091,0.2222222222222222,1,1,1
247,beta-glucan,beta-glucan,host glycan,chitin,0.18181818181818182,0.0,1,0,0
248,beta-glucan,beta-glucan,beta-glucan,host glycan,0.0,0.5,1,1,0
249,beta-glucan,beta-glucan,beta-glucan,beta-glucan,0.0,0.16666666666666666,1,1,1
250,beta-glucan,beta-mannan,beta-glucan,chitin,0.0,0.25,0,1,0
251,beta-glucan,beta-glucan,beta-glucan,beta-glucan,0.0,0.0,1,1,1
252,beta-glucan,beta-glucan,xylan,beta-glucan,0.047619047619047616,0.0,1,0,1
253,beta-glucan,beta-glucan,beta-glucan,beta-glucan,0.18181818181818182,0.0,1,1,1
254,beta-glucan,beta-glucan,beta-glucan,xylan,0.0,0.0,1,1,0
255,beta-glucan,beta-glucan,beta-glucan,beta-glucan,0.0,0.0,1,1,1
256,beta-glucan,beta-glucan,beta-glucan,beta-glucan,0.0,0.0,1,1,1
257,beta-glucan,beta-glucan,beta-glucan,beta-glucan,0.0,0.0,1,1,1
258,beta-glucan,beta-glucan,beta-glucan,beta-glucan,0.0,0.0,1,1,1
259,beta-glucan,xylan,xylan,xylan,0.0,0.0,0,0,0
260,beta-glucan,beta-glucan,beta-glucan,beta-glucan,0.4,0.4,1,1,1
261,beta-glucan,beta-glucan,beta-glucan,beta-glucan,0.0,0.5,1,1,1
262,beta-glucan,beta-glucan,beta-glucan,beta-glucan,0.0,0.3333333333333333,1,1,1
263,beta-glucan,beta-glucan,beta-glucan,beta-glucan,0.0,0.0,1,1,1
264,beta-glucan,beta-glucan,beta-glucan,beta-glucan,0.25,0.0,1,1,1
265,beta-glucan,beta-glucan,beta-glucan,beta-glucan,0.0,0.0,1,1,1
266,beta-glucan,beta-glucan,beta-glucan,beta-glucan,0.2,0.4444444444444444,1,1,1
267,beta-glucan,beta-glucan,beta-glucan,beta-glucan,0.0,0.2857142857142857,1,1,1
268,beta-glucan,beta-glucan,beta-glucan,beta-glucan,0.0,0.0,1,1,1
269,beta-glucan,beta-mannan,beta-mannan,beta-mannan,0.0,0.08333333333333333,0,0,0
270,beta-glucan,beta-glucan,beta-glucan,beta-glucan,0.0,0.0,1,1,1
271,beta-glucan,beta-glucan,host glycan,arabinogalactan,0.0,0.0,1,0,0
272,beta-glucan,beta-glucan,beta-glucan,beta-glucan,0.0,0.0,1,1,1
273,beta-glucan,beta-glucan,beta-glucan,beta-glucan,0.0,0.0,1,1,1
274,beta-glucan,beta-mannan,beta-mannan,beta-mannan,0.0,0.25,0,0,0
275,beta-glucan,beta-glucan,beta-glucan,host glycan,0.0,0.0,1,1,0
276,beta-glucan,beta-glucan,beta-glucan,beta-glucan,0.0,0.2,1,1,1
277,beta-glucan,xylan,host glycan,beta-glucan,0.0,0.0,0,0,1
278,beta-glucan,beta-glucan,beta-glucan,beta-glucan,0.0,0.0,1,1,1
279,beta-glucan,xylan,xylan,host glycan,0.0,0.0,0,0,0
280,beta-glucan,beta-glucan,beta-glucan,beta-glucan,0.0,0.0,1,1,1
281,beta-glucan,beta-glucan,beta-glucan,beta-glucan,0.0,0.0,1,1,1
282,beta-glucan,beta-glucan,beta-glucan,beta-glucan,0.0,0.0,1,1,1
283,beta-glucan,beta-glucan,beta-glucan,beta-glucan,0.0,0.0,1,1,1
284,beta-glucan,beta-glucan,beta-glucan,beta-glucan,0.0,0.0,1,1,1
285,beta-glucan,beta-glucan,beta-glucan,beta-glucan,0.0,0.0,1,1,1
286,beta-glucan,beta-glucan,beta-glucan,beta-glucan,0.0,0.0,1,1,1
287,beta-glucan,beta-glucan,beta-glucan,beta-glucan,0.0,0.0,1,1,1
288,beta-glucan,beta-glucan,beta-glucan,beta-glucan,0.0,0.08333333333333333,1,1,1
289,beta-glucan,beta-glucan,beta-glucan,beta-glucan,0.0,0.08333333333333333,1,1,1
290,beta-glucan,beta-glucan,beta-glucan,beta-glucan,0.0,0.0,1,1,1
291,beta-glucan,beta-glucan,beta-glucan,beta-glucan,0.0,0.0,1,1,1
292,beta-glucan,beta-glucan,beta-glucan,beta-glucan,0.0,0.0,1,1,1
293,beta-glucan,beta-glucan,beta-glucan,beta-glucan,0.0,0.0,1,1,1
294,beta-glucan,beta-glucan,beta-glucan,beta-glucan,0.0,0.0,1,1,1
295,beta-glucan,beta-glucan,beta-glucan,beta-glucan,0.0,0.0,1,1,1
296,beta-glucan,beta-glucan,beta-glucan,beta-glucan,0.0,0.0,1,1,1
297,beta-glucan,beta-glucan,beta-glucan,beta-glucan,0.2,0.0,1,1,1
298,beta-glucan,beta-glucan,beta-glucan,beta-glucan,0.1,0.0,1,1,1
299,beta-glucan,beta-glucan,beta-glucan,beta-glucan,0.0,0.0,1,1,1
300,beta-glucan,beta-glucan,beta-glucan,beta-glucan,0.0,0.0,1,1,1
301,beta-glucan,beta-glucan,beta-glucan,beta-glucan,0.0,0.0,1,1,1
302,beta-glucan,beta-mannan,beta-mannan,beta-mannan,0.0,0.0,0,0,0
303,beta-glucan,beta-glucan,beta-glucan,beta-glucan,0.0,0.3333333333333333,1,1,1
304,beta-glucan,chitin,beta-mannan,beta-glucan,0.0,0.0,0,0,1
305,beta-glucan,beta-glucan,beta-glucan,beta-glucan,0.0,0.09090909090909091,1,1,1
306,beta-glucan,beta-glucan,beta-glucan,beta-glucan,0.0,0.0,1,1,1
307,beta-glucan,beta-glucan,beta-glucan,beta-glucan,0.0,0.0,1,1,1
308,beta-glucan,beta-glucan,beta-glucan,beta-glucan,0.4,0.4,1,1,1
309,beta-glucan,beta-glucan,beta-glucan,beta-glucan,0.0,0.5,1,1,1
310,beta-glucan,beta-glucan,beta-glucan,beta-glucan,0.5,0.0,1,1,1
311,beta-glucan,beta-glucan,beta-glucan,alginate,0.0,0.0,1,1,0
312,beta-glucan,beta-glucan,beta-glucan,alpha-glucan,0.0,0.2,1,1,0
313,beta-glucan,beta-glucan,beta-glucan,beta-glucan,0.0,0.0,1,1,1
314,beta-glucan,beta-glucan,beta-glucan,beta-glucan,0.0,0.0,1,1,1
315,beta-glucan,beta-glucan,beta-glucan,beta-glucan,0.0,0.0,1,1,1
316,beta-glucan,beta-glucan,beta-glucan,xylan,0.0,0.0,1,1,0
317,beta-glucan,beta-glucan,beta-glucan,beta-glucan,0.0,0.0,1,1,1
318,beta-glucan,beta-glucan,xylan,beta-glucan,0.125,0.0,1,0,1
319,beta-glucan,beta-glucan,beta-glucan,beta-glucan,0.0,0.0,1,1,1
320,beta-glucan,beta-glucan,beta-glucan,beta-glucan,0.0,0.0,1,1,1
321,beta-glucan,beta-glucan,beta-glucan,beta-glucan,0.0,0.5,1,1,1
322,beta-glucan,beta-glucan,beta-glucan,beta-glucan,0.0,0.3333333333333333,1,1,1
323,beta-glucan,beta-glucan,beta-glucan,beta-glucan,0.0,0.0,1,1,1
324,beta-glucan,beta-glucan,beta-glucan,beta-glucan,0.0,0.3333333333333333,1,1,1
325,beta-glucan,beta-glucan,beta-glucan,beta-glucan,0.0,0.0,1,1,1
326,beta-glucan,host glycan,beta-glucan,beta-glucan,0.0,0.0,0,1,1
327,beta-glucan,beta-glucan,beta-glucan,beta-glucan,0.0,0.0,1,1,1
328,beta-glucan,beta-glucan,beta-glucan,beta-glucan,0.0,0.0,1,1,1
329,beta-glucan,beta-glucan,beta-glucan,beta-glucan,0.0,0.0,1,1,1
330,beta-glucan,beta-glucan,beta-glucan,beta-glucan,0.0,0.3333333333333333,1,1,1
331,beta-glucan,beta-glucan,beta-glucan,beta-glucan,0.0,0.0,1,1,1
332,beta-glucan,beta-glucan,beta-glucan,beta-glucan,0.0,0.0,1,1,1
333,beta-glucan,beta-glucan,beta-glucan,beta-glucan,0.0,0.25,1,1,1
334,beta-glucan,beta-glucan,beta-glucan,beta-glucan,0.0,0.25,1,1,1
335,beta-glucan,beta-glucan,beta-glucan,beta-glucan,0.09090909090909091,0.14285714285714285,1,1,1
336,beta-glucan,host glycan,host glycan,host glycan,0.0,0.0,0,0,0
337,beta-glucan,beta-glucan,beta-glucan,beta-glucan,0.0,0.0,1,1,1
338,beta-glucan,beta-glucan,beta-glucan,beta-glucan,0.0,0.0,1,1,1
339,beta-glucan,beta-mannan,beta-mannan,beta-mannan,0.0,0.0,0,0,0
340,beta-glucan,beta-glucan,beta-glucan,beta-glucan,0.0,0.0,1,1,1
341,beta-glucan,beta-glucan,beta-glucan,beta-glucan,0.0,0.3333333333333333,1,1,1
342,beta-glucan,beta-glucan,beta-glucan,beta-glucan,0.0,0.0,1,1,1
343,beta-glucan,beta-glucan,beta-glucan,beta-glucan,0.0,0.0,1,1,1
344,beta-glucan,beta-glucan,beta-glucan,beta-glucan,0.0,0.2,1,1,1
345,beta-glucan,beta-glucan,beta-glucan,beta-glucan,0.0,0.08333333333333333,1,1,1
346,beta-glucan,beta-glucan,beta-glucan,beta-glucan,0.06666666666666667,0.0,1,1,1
347,beta-glucan,beta-glucan,beta-glucan,beta-glucan,0.0,0.0,1,1,1
348,beta-glucan,beta-glucan,beta-glucan,beta-glucan,0.0,0.0,1,1,1
349,beta-glucan,beta-glucan,beta-glucan,beta-glucan,0.0,0.25,1,1,1
350,beta-glucan,beta-glucan,beta-glucan,beta-glucan,0.0,0.09090909090909091,1,1,1
351,beta-glucan,beta-glucan,beta-glucan,beta-glucan,0.0,0.0,1,1,1
352,beta-glucan,beta-glucan,beta-glucan,beta-glucan,0.0,0.0,1,1,1
353,beta-glucan,beta-glucan,beta-glucan,beta-glucan,0.2,0.0,1,1,1
354,beta-glucan,beta-glucan,beta-glucan,alginate,0.0,0.0,1,1,0
355,beta-glucan,beta-glucan,beta-glucan,beta-glucan,0.0,0.42857142857142855,1,1,1
356,beta-glucan,beta-glucan,beta-glucan,beta-glucan,0.0,0.0,1,1,1
357,beta-mannan,beta-mannan,beta-mannan,galactan,0.0,0.3333333333333333,1,1,0
358,beta-mannan,galactan,galactan,beta-mannan,0.0,0.0,0,0,1
359,beta-mannan,galactan,galactan,galactan,0.0,0.0,0,0,0
360,beta-mannan,beta-mannan,beta-mannan,beta-mannan,0.0,0.14285714285714285,1,1,1
361,beta-mannan,beta-mannan,beta-mannan,host glycan,0.0,0.25,1,1,0
362,beta-mannan,beta-mannan,beta-mannan,galactan,0.0,0.3,1,1,0
363,beta-mannan,beta-mannan,beta-mannan,beta-mannan,0.25,0.0,1,1,1
364,beta-mannan,beta-mannan,beta-mannan,beta-mannan,0.0,0.3,1,1,1
365,beta-mannan,beta-mannan,beta-mannan,beta-mannan,0.0,0.0,1,1,1
366,beta-mannan,galactan,galactan,galactan,0.0,0.0,0,0,0
367,beta-mannan,beta-mannan,beta-mannan,beta-mannan,0.3,0.375,1,1,1
368,beta-mannan,beta-mannan,beta-mannan,beta-mannan,0.1111111111111111,0.0,1,1,1
369,beta-mannan,beta-mannan,beta-mannan,host glycan,0.0,0.0,1,1,0
370,beta-mannan,beta-mannan,beta-mannan,beta-mannan,0.0,0.14285714285714285,1,1,1
371,beta-mannan,beta-mannan,beta-mannan,beta-mannan,0.0,0.0,1,1,1
372,beta-mannan,beta-mannan,beta-mannan,beta-mannan,0.0,0.0,1,1,1
373,beta-mannan,beta-glucan,host glycan,beta-glucan,0.0,0.0,0,0,0
374,beta-mannan,beta-mannan,beta-mannan,beta-mannan,0.0,0.0,1,1,1
375,beta-mannan,beta-mannan,beta-mannan,beta-mannan,0.0,0.16666666666666666,1,1,1
376,beta-mannan,beta-mannan,beta-mannan,beta-mannan,0.06666666666666667,0.23076923076923078,1,1,1
377,beta-mannan,beta-mannan,beta-mannan,beta-mannan,0.0625,0.07692307692307693,1,1,1
378,beta-mannan,beta-mannan,beta-mannan,beta-mannan,0.0,0.0,1,1,1
379,beta-mannan,beta-mannan,beta-mannan,beta-mannan,0.0,0.125,1,1,1
380,beta-mannan,beta-mannan,beta-mannan,beta-mannan,0.0,0.0,1,1,1
381,beta-mannan,beta-mannan,beta-mannan,beta-mannan,0.0,0.0,1,1,1
382,beta-mannan,beta-mannan,beta-mannan,alpha-glucan,0.0,0.0,1,1,0
383,beta-mannan,beta-mannan,beta-mannan,beta-glucan,0.0,0.0,1,1,0
384,beta-mannan,beta-mannan,beta-mannan,beta-mannan,0.0,0.0,1,1,1
385,beta-mannan,beta-mannan,beta-mannan,beta-mannan,0.0,0.0,1,1,1
386,beta-mannan,beta-mannan,beta-mannan,beta-mannan,0.0,0.0,1,1,1
387,beta-mannan,beta-mannan,beta-mannan,beta-mannan,0.1,0.125,1,1,1
388,beta-mannan,beta-mannan,beta-mannan,beta-mannan,0.0,0.14285714285714285,1,1,1
389,beta-mannan,beta-mannan,beta-mannan,beta-mannan,0.0,0.0,1,1,1
390,beta-mannan,beta-mannan,beta-mannan,beta-mannan,0.0,0.16666666666666666,1,1,1
391,beta-mannan,beta-glucan,beta-glucan,beta-glucan,0.0,0.0,0,0,0
392,beta-mannan,beta-mannan,beta-mannan,beta-mannan,0.0,0.0,1,1,1
393,beta-mannan,beta-mannan,beta-mannan,beta-mannan,0.0,0.0,1,1,1
394,beta-mannan,beta-mannan,beta-mannan,beta-mannan,0.0,0.1,1,1,1
395,beta-mannan,beta-mannan,beta-mannan,beta-mannan,0.0,0.1,1,1,1
396,beta-mannan,beta-mannan,beta-mannan,galactan,0.0,0.0,1,1,0
397,beta-mannan,galactan,beta-mannan,galactan,0.0,0.0,0,1,0
398,beta-mannan,beta-mannan,beta-mannan,beta-mannan,0.0,0.0,1,1,1
399,beta-mannan,beta-mannan,beta-mannan,beta-glucan,0.0,0.0,1,1,0
400,beta-mannan,alpha-glucan,alpha-glucan,alpha-glucan,0.0,0.0,0,0,0
401,beta-mannan,beta-mannan,beta-mannan,beta-mannan,0.0,0.0,1,1,1
402,beta-mannan,beta-mannan,beta-mannan,beta-mannan,0.0,0.0,1,1,1
403,beta-mannan,beta-mannan,beta-mannan,beta-mannan,0.0,0.0,1,1,1
404,beta-mannan,beta-mannan,beta-mannan,beta-mannan,0.0,0.0,1,1,1
405,beta-mannan,beta-mannan,beta-mannan,beta-mannan,0.0,0.125,1,1,1
406,beta-mannan,beta-mannan,beta-mannan,beta-mannan,0.0,0.3333333333333333,1,1,1
407,beta-mannan,beta-mannan,beta-mannan,beta-mannan,0.0,0.2857142857142857,1,1,1
408,beta-mannan,beta-mannan,beta-mannan,beta-mannan,0.0,0.0,1,1,1
409,beta-mannan,beta-mannan,beta-mannan,beta-mannan,0.0,0.0,1,1,1
410,beta-mannan,beta-mannan,beta-mannan,alpha-glucan,0.0,0.0,1,1,0
411,beta-mannan,fructan,beta-mannan,alpha-glucan,0.0,0.0,0,1,0
412,beta-mannan,arabinogalactan,arabinogalactan,arabinogalactan,0.0,0.0,0,0,0
413,beta-mannan,beta-mannan,beta-mannan,beta-mannan,0.0,0.0,1,1,1
414,beta-mannan,galactan,galactan,galactan,0.0,0.0,0,0,0
415,beta-mannan,galactan,galactan,galactan,0.0,0.0,0,0,0
416,beta-mannan,galactan,galactan,galactan,0.0,0.0,0,0,0
417,beta-mannan,beta-mannan,beta-mannan,beta-mannan,0.0,0.0,1,1,1
418,beta-mannan,beta-mannan,beta-mannan,beta-mannan,0.0,0.0,1,1,1
419,beta-mannan,beta-mannan,beta-mannan,beta-mannan,0.0,0.0,1,1,1
420,beta-mannan,beta-mannan,galactan,beta-mannan,0.0,0.0,1,0,1
421,beta-mannan,beta-mannan,galactan,beta-mannan,0.0,0.2222222222222222,1,0,1
422,beta-mannan,beta-mannan,beta-mannan,beta-mannan,0.0,0.0,1,1,1
423,beta-mannan,galactan,galactan,galactan,0.0,0.0,0,0,0
424,beta-mannan,galactan,galactan,galactan,0.0,0.0,0,0,0
425,chitin,chitin,chitin,chitin,0.0,0.3333333333333333,1,1,1
426,chitin,host glycan,chitin,chitin,0.3333333333333333,0.0,0,1,1
427,chitin,chitin,chitin,chitin,0.0,0.25,1,1,1
428,chitin,beta-mannan,pectin,xylan,0.0,0.0,0,0,0
429,chitin,chitin,host glycan,chitin,0.0,0.0,1,0,1
430,chitin,chitin,chitin,chitin,0.0,0.0,1,1,1
431,chitin,chitin,chitin,chitin,0.0,0.0,1,1,1
432,chitin,chitin,chitin,chitin,0.0,0.0,1,1,1
433,chitin,chitin,chitin,chitin,0.0,0.0,1,1,1
434,chitin,chitin,chitin,beta-mannan,0.0,0.3333333333333333,1,1,0
435,chitin,chitin,chitin,beta-mannan,0.0,0.25,1,1,0
436,chitin,chitin,chitin,chitin,0.0,0.0,1,1,1
437,chitin,chitin,chitin,chitin,0.0,0.0,1,1,1
438,chitin,chitin,chitin,chitin,0.0,0.0,1,1,1
439,chitin,chitin,chitin,chitin,0.0,0.25,1,1,1
440,chitin,chitin,chitin,chitin,0.0,0.0,1,1,1
441,chitin,chitin,chitin,chitin,0.0,0.0,1,1,1
442,chitin,chitin,chitin,chitin,0.0,0.0,1,1,1
443,chitin,chitin,chitin,chitin,0.0,0.0,1,1,1
444,chitin,chitin,chitin,chitin,0.0,0.0,1,1,1
445,chitin,chitin,chitin,chitin,0.0,0.0,1,1,1
446,chitin,chitin,chitin,chitin,0.0,0.0,1,1,1
447,chitin,chitin,chitin,chitin,0.0,0.0,1,1,1
448,chitin,host glycan,host glycan,host glycan,0.0,0.0,0,0,0
449,chitin,host glycan,host glycan,host glycan,0.0,0.0,0,0,0
450,chitin,chitin,chitin,chitin,0.0,0.3333333333333333,1,1,1
451,chitin,host glycan,host glycan,host glycan,0.0,0.0,0,0,0
452,chitin,chitin,chitin,chitin,0.0,0.0,1,1,1
453,chitin,chitin,chitin,chitin,0.0,0.0,1,1,1
454,chitin,chitin,chitin,chitin,0.0,0.0,1,1,1
455,chitin,chitin,chitin,chitin,0.0,0.0,1,1,1
456,chitin,chitin,chitin,chitin,0.0,0.0,1,1,1
457,chitin,chitin,chitin,chitin,0.0,0.0,1,1,1
458,chitin,chitin,chitin,chitin,0.0,0.0,1,1,1
459,chitin,chitin,chitin,chitin,0.0,0.0,1,1,1
460,chitin,chitin,chitin,chitin,0.0,0.0,1,1,1
461,chitin,chitin,chitin,chitin,0.0,0.0,1,1,1
462,chitin,chitin,chitin,chitin,0.0,0.0,1,1,1
463,chitin,chitin,chitin,chitin,0.0,0.0,1,1,1
464,chitin,chitin,chitin,chitin,0.0,0.0,1,1,1
465,chitin,chitin,chitin,chitin,0.06666666666666667,0.38461538461538464,1,1,1
466,chitin,chitin,chitin,chitin,0.16666666666666666,0.0,1,1,1
467,chitin,chitin,chitin,chitin,0.0,0.0,1,1,1
468,chitin,chitin,chitin,chitin,0.0,0.0,1,1,1
469,chitin,chitin,chitin,chitin,0.0,0.0,1,1,1
470,chitin,chitin,chitin,chitin,0.0,0.0,1,1,1
471,chitin,chitin,chitin,chitin,0.0,0.0,1,1,1
472,chitin,chitin,chitin,chitin,0.0,0.0,1,1,1
473,chitin,chitin,chitin,chitin,0.06666666666666667,0.38461538461538464,1,1,1
474,chitin,chitin,chitin,chitin,0.0,0.0,1,1,1
475,chitin,chitin,chitin,chitin,0.0,0.25,1,1,1
476,chitin,chitin,chitin,chitin,0.0,0.0,1,1,1
477,chitin,chitin,chitin,chitin,0.0,0.0,1,1,1
478,chitin,chitin,chitin,chitin,0.0,0.0,1,1,1
479,chitin,chitin,chitin,chitin,0.0,0.0,1,1,1
480,chitin,chitin,chitin,chitin,0.0,0.0,1,1,1
481,chitin,chitin,chitin,chitin,0.0,0.0,1,1,1
482,chitin,chitin,chitin,chitin,0.0,0.0,1,1,1
483,chitin,chitin,chitin,chitin,0.0,0.0,1,1,1
484,chitin,chitin,chitin,chitin,0.0,0.0,1,1,1
485,chitin,chitin,chitin,chitin,0.0,0.0,1,1,1
486,chitin,beta-glucan,host glycan,host glycan,0.0,0.0,0,0,0
487,chitin,host glycan,host glycan,host glycan,0.0,0.0,0,0,0
488,fructan,fructan,fructan,fructan,0.16666666666666666,0.2,1,1,1
489,fructan,fructan,fructan,fructan,0.0,0.6666666666666666,1,1,1
490,fructan,fructan,fructan,fructan,0.0,0.0,1,1,1
491,fructan,alpha-glucan,beta-glucan,alpha-glucan,0.16666666666666666,0.0,0,0,0
492,fructan,fructan,fructan,fructan,0.0,0.0,1,1,1
493,fructan,fructan,fructan,fructan,0.0,0.0,1,1,1
494,fructan,fructan,fructan,fructan,0.16666666666666666,0.0,1,1,1
495,fructan,fructan,fructan,fructan,0.0,0.0,1,1,1
496,fructan,fructan,fructan,fructan,0.0,0.0,1,1,1
497,fructan,fructan,fructan,fructan,0.0,0.0,1,1,1
498,fructan,fructan,fructan,fructan,0.0,0.0,1,1,1
499,fructan,fructan,alpha-glucan,fructan,0.0,0.0,1,0,1
500,fructan,alpha-glucan,galactan,alpha-glucan,0.25,0.4,0,0,0
501,fructan,fructan,fructan,fructan,0.0,0.6666666666666666,1,1,1
502,fructan,fructan,alpha-glucan,fructan,0.0,0.0,1,0,1
503,fructan,alpha-glucan,alpha-glucan,fructan,0.18181818181818182,0.2,0,0,1
504,fructan,fructan,fructan,fructan,0.0,0.0,1,1,1
505,fructan,fructan,fructan,fructan,0.0,0.0,1,1,1
506,fructan,alpha-glucan,alpha-glucan,alpha-glucan,0.0,0.0,0,0,0
507,fructan,fructan,fructan,alpha-glucan,0.0,0.16666666666666666,1,1,0
508,fructan,alpha-glucan,alpha-glucan,alpha-glucan,0.0,0.3333333333333333,0,0,0
509,fructan,alpha-glucan,fructan,fructan,0.0,0.0,0,1,1
510,fructan,alpha-glucan,fructan,alpha-glucan,0.25,0.25,0,1,0
511,fructan,fructan,fructan,fructan,0.0,0.0,1,1,1
512,fructan,fructan,fructan,fructan,0.0,0.0,1,1,1
513,fructan,alpha-glucan,fructan,fructan,0.0,0.0,0,1,1
514,fructan,alpha-glucan,fructan,alpha-glucan,0.0,0.0,0,1,0
515,fructan,fructan,fructan,fructan,0.1111111111111111,0.0,1,1,1
516,fructan,fructan,fructan,alpha-glucan,0.0,0.0,1,1,0
517,fructan,fructan,alpha-glucan,fructan,0.0,0.0,1,0,1
518,fructan,alpha-glucan,galactan,alpha-glucan,0.25,0.4,0,0,0
519,galactan,galactan,galactan,galactan,0.0,0.0,1,1,1
520,galactan,galactan,galactan,galactan,0.0,0.0,1,1,1
521,galactan,galactan,galactan,galactan,0.0,0.0,1,1,1
522,galactan,beta-mannan,beta-mannan,beta-mannan,0.0,0.0,0,0,0
523,galactan,galactan,galactan,galactan,0.0,0.3333333333333333,1,1,1
524,galactan,galactan,galactan,galactan,0.0,0.0,1,1,1
525,galactan,galactan,galactan,beta-mannan,0.0,0.25,1,1,0
526,galactan,beta-mannan,beta-mannan,beta-mannan,0.0,0.0,0,0,0
527,galactan,galactan,galactan,galactan,0.125,0.16666666666666666,1,1,1
528,galactan,galactan,beta-mannan,galactan,0.0,0.0,1,0,1
529,galactan,galactan,galactan,galactan,0.0,0.16666666666666666,1,1,1
530,galactan,galactan,galactan,galactan,0.0,0.0,1,1,1
531,galactan,galactan,host glycan,galactan,0.1111111111111111,0.13333333333333333,1,0,1
532,galactan,galactan,host glycan,galactan,0.029411764705882353,0.0,1,0,1
533,galactan,galactan,galactan,galactan,0.0,0.0,1,1,1
534,galactan,galactan,galactan,galactan,0.0,0.0,1,1,1
535,galactan,galactan,galactan,galactan,0.0,0.16666666666666666,1,1,1
536,galactan,galactan,galactan,galactan,0.0,0.0,1,1,1
537,galactan,galactan,galactan,galactan,0.0,0.0,1,1,1
538,galactan,chitin,chitin,chitin,0.0,0.0,0,0,0
539,galactan,galactan,galactan,galactan,0.0,0.058823529411764705,1,1,1
540,galactan,galactan,galactan,galactan,0.0,0.0625,1,1,1
541,galactan,galactan,galactan,galactan,0.0,0.0,1,1,1
542,galactan,galactan,galactan,galactan,0.0,0.0,1,1,1
543,galactan,galactan,galactan,galactan,0.0,0.0,1,1,1
544,galactan,pectin,pectin,galactan,0.0,0.0,0,0,1
545,galactan,pectin,pectin,galactan,0.0,0.0,0,0,1
546,galactan,galactan,galactan,galactan,0.0,0.25,1,1,1
547,galactan,host glycan,host glycan,galactan,0.0,0.0,0,0,1
548,galactan,galactan,galactan,fructan,0.0,0.0,1,1,0
549,galactan,galactan,galactan,alpha-glucan,0.0,0.0,1,1,0
550,galactan,galactan,galactan,galactan,0.0,0.3333333333333333,1,1,1
551,galactan,galactan,galactan,galactan,0.0,0.0,1,1,1
552,galactan,galactan,galactan,galactan,0.0,0.0,1,1,1
553,galactan,beta-glucan,galactan,galactan,0.0,0.0,0,1,1
554,galactan,galactan,galactan,galactan,0.058823529411764705,0.06666666666666667,1,1,1
555,galactan,galactan,galactan,galactan,0.0,0.0,1,1,1
556,galactan,galactan,galactan,galactan,0.14285714285714285,0.16666666666666666,1,1,1
557,galactan,galactan,galactan,galactan,0.0,0.0,1,1,1
558,galactan,galactan,galactan,galactan,0.0,0.0,1,1,1
559,galactan,galactan,galactan,galactan,0.0,0.0,1,1,1
560,galactan,galactan,galactan,galactan,0.0,0.3333333333333333,1,1,1
561,galactan,galactan,galactan,galactan,0.0,0.0,1,1,1
562,galactan,beta-mannan,galactan,galactan,0.16666666666666666,0.0,0,1,1
563,galactan,beta-mannan,beta-mannan,beta-mannan,0.0,0.0,0,0,0
564,galactan,beta-mannan,beta-mannan,beta-mannan,0.0,0.0,0,0,0
565,galactan,galactan,galactan,beta-mannan,0.0,0.0,1,1,0
566,galactan,galactan,galactan,alpha-glucan,0.1111111111111111,0.25,1,1,0
567,galactan,galactan,galactan,beta-mannan,0.0,0.25,1,1,0
568,galactan,galactan,galactan,galactan,0.0,0.25,1,1,1
569,galactan,galactan,host glycan,host glycan,0.0,0.3333333333333333,1,0,0
570,galactan,galactan,galactan,alpha-mannan,0.0,0.0,1,1,0
571,galactan,galactan,galactan,galactan,0.0,0.0,1,1,1
572,galactan,galactan,galactan,fructan,0.0,0.0,1,1,0
573,galactan,galactan,galactan,galactan,0.0,0.0,1,1,1
574,galactan,galactan,galactan,galactan,0.0,0.0,1,1,1
575,galactan,beta-glucan,beta-glucan,beta-glucan,0.0,0.0,0,0,0
576,galactan,galactan,galactan,galactan,0.0,0.2,1,1,1
577,galactan,galactan,galactan,galactan,0.0,0.0,1,1,1
578,galactan,galactan,galactan,alpha-mannan,0.0,0.0,1,1,0
579,galactan,galactan,galactan,galactan,0.0,0.0,1,1,1
580,galactan,host glycan,host glycan,host glycan,0.25,0.0,0,0,0
581,galactan,pectin,host glycan,host glycan,0.3333333333333333,0.0,0,0,0
582,galactan,galactan,galactan,beta-mannan,0.0,0.0,1,1,0
583,galactan,galactan,galactan,galactan,0.125,0.0,1,1,1
584,galactan,host glycan,host glycan,chitin,0.0,0.0,0,0,0
585,galactan,beta-mannan,galactan,beta-mannan,0.0,0.0,0,1,0
586,galactan,beta-mannan,galactan,galactan,0.0,0.0,0,1,1
587,galactan,galactan,beta-mannan,beta-mannan,0.0,0.0,1,0,0
588,galactan,galactan,galactan,galactan,0.0,0.0,1,1,1
589,galactan,galactan,galactan,galactan,0.0,0.0,1,1,1
590,galactan,galactan,galactan,galactan,0.0,0.0,1,1,1
591,host glycan,host glycan,host glycan,host glycan,0.0,0.0,1,1,1
592,host glycan,host glycan,host glycan,chitin,0.0,0.0,1,1,0
593,host glycan,host glycan,host glycan,host glycan,0.09090909090909091,0.1,1,1,1
594,host glycan,host glycan,host glycan,host glycan,0.1,0.0,1,1,1
595,host glycan,host glycan,host glycan,host glycan,0.0,0.0,1,1,1
596,host glycan,host glycan,host glycan,host glycan,0.0,0.0,1,1,1
597,host glycan,host glycan,host glycan,host glycan,0.0,0.0,1,1,1
598,host glycan,host glycan,host glycan,host glycan,0.0,0.0,1,1,1
599,host glycan,host glycan,beta-glucan,host glycan,0.0,0.14285714285714285,1,0,1
600,host glycan,host glycan,host glycan,host glycan,0.0,0.08333333333333333,1,1,1
601,host glycan,host glycan,host glycan,host glycan,0.058823529411764705,0.0625,1,1,1
602,host glycan,host glycan,host glycan,host glycan,0.0,0.18181818181818182,1,1,1
603,host glycan,beta-glucan,host glycan,host glycan,0.0,0.0,0,1,1
604,host glycan,host glycan,host glycan,host glycan,0.0,0.0,1,1,1
605,host glycan,host glycan,host glycan,host glycan,0.0,0.0,1,1,1
606,host glycan,host glycan,host glycan,host glycan,0.0,0.0,1,1,1
607,host glycan,host glycan,host glycan,host glycan,0.0,0.0,1,1,1
608,host glycan,host glycan,host glycan,host glycan,0.0,0.0,1,1,1
609,host glycan,host glycan,host glycan,host glycan,0.0,0.0,1,1,1
610,host glycan,host glycan,host glycan,host glycan,0.0,0.0,1,1,1
611,host glycan,host glycan,host glycan,host glycan,0.0,0.3333333333333333,1,1,1
612,host glycan,host glycan,host glycan,host glycan,0.0,0.3333333333333333,1,1,1
613,host glycan,host glycan,host glycan,host glycan,0.0,0.0,1,1,1
614,host glycan,host glycan,host glycan,host glycan,0.0,0.26666666666666666,1,1,1
615,host glycan,host glycan,host glycan,host glycan,0.05263157894736842,0.26666666666666666,1,1,1
616,host glycan,host glycan,host glycan,arabinogalactan,0.13333333333333333,0.3076923076923077,1,1,0
617,host glycan,host glycan,host glycan,host glycan,0.0,0.0,1,1,1
618,host glycan,host glycan,host glycan,host glycan,0.0,0.0,1,1,1
619,host glycan,host glycan,host glycan,host glycan,0.0,0.5,1,1,1
620,host glycan,host glycan,host glycan,host glycan,0.0,0.3333333333333333,1,1,1
621,host glycan,host glycan,host glycan,host glycan,0.0,0.5,1,1,1
622,host glycan,host glycan,host glycan,host glycan,0.0,0.3333333333333333,1,1,1
623,host glycan,host glycan,host glycan,host glycan,0.0,0.3333333333333333,1,1,1
624,host glycan,host glycan,host glycan,host glycan,0.0,0.25,1,1,1
625,host glycan,host glycan,host glycan,host glycan,0.0,0.0,1,1,1
626,host glycan,host glycan,host glycan,host glycan,0.0,0.0,1,1,1
627,host glycan,host glycan,host glycan,host glycan,0.125,0.14285714285714285,1,1,1
628,host glycan,host glycan,host glycan,host glycan,0.0,0.14285714285714285,1,1,1
629,host glycan,host glycan,host glycan,host glycan,0.1111111111111111,0.125,1,1,1
630,host glycan,host glycan,host glycan,host glycan,0.0,0.0,1,1,1
631,host glycan,host glycan,host glycan,host glycan,0.0,0.0,1,1,1
632,host glycan,host glycan,host glycan,host glycan,0.0,0.0,1,1,1
633,host glycan,host glycan,host glycan,host glycan,0.0,0.1111111111111111,1,1,1
634,host glycan,host glycan,host glycan,host glycan,0.0,0.0,1,1,1
635,host glycan,host glycan,host glycan,host glycan,0.0,0.16666666666666666,1,1,1
636,host glycan,host glycan,host glycan,pectin,0.0,0.125,1,1,0
637,host glycan,host glycan,host glycan,host glycan,0.0,0.2,1,1,1
638,host glycan,host glycan,host glycan,host glycan,0.0,0.0,1,1,1
639,host glycan,host glycan,host glycan,host glycan,0.0,0.0,1,1,1
640,host glycan,host glycan,host glycan,host glycan,0.0,0.0,1,1,1
641,host glycan,host glycan,host glycan,host glycan,0.0,0.0,1,1,1
642,host glycan,host glycan,host glycan,host glycan,0.0,0.0,1,1,1
643,host glycan,host glycan,host glycan,host glycan,0.0,0.0,1,1,1
644,host glycan,host glycan,host glycan,host glycan,0.0,0.0,1,1,1
645,host glycan,host glycan,host glycan,host glycan,0.0,0.0,1,1,1
646,host glycan,host glycan,host glycan,host glycan,0.0,0.0,1,1,1
647,host glycan,host glycan,host glycan,host glycan,0.0,0.0,1,1,1
648,host glycan,host glycan,host glycan,host glycan,0.0,0.26666666666666666,1,1,1
649,host glycan,host glycan,host glycan,host glycan,0.0,0.5,1,1,1
650,host glycan,host glycan,host glycan,host glycan,0.0,0.5,1,1,1
651,host glycan,host glycan,host glycan,host glycan,0.0,0.0,1,1,1
652,host glycan,host glycan,host glycan,host glycan,0.0,0.0,1,1,1
653,host glycan,host glycan,host glycan,host glycan,0.0,0.0,1,1,1
654,host glycan,host glycan,host glycan,host glycan,0.0,0.0,1,1,1
655,host glycan,host glycan,host glycan,host glycan,0.0,0.0,1,1,1
656,host glycan,host glycan,host glycan,host glycan,0.0,0.0,1,1,1
657,host glycan,host glycan,host glycan,host glycan,0.375,0.0,1,1,1
658,host glycan,host glycan,host glycan,host glycan,0.0,0.0,1,1,1
659,host glycan,host glycan,host glycan,host glycan,0.0,0.0,1,1,1
660,host glycan,host glycan,host glycan,host glycan,0.0,0.0,1,1,1
661,host glycan,host glycan,host glycan,host glycan,0.0,0.0,1,1,1
662,host glycan,host glycan,host glycan,host glycan,0.0,0.0,1,1,1
663,host glycan,host glycan,host glycan,host glycan,0.0,0.0,1,1,1
664,host glycan,host glycan,host glycan,host glycan,0.0,0.14285714285714285,1,1,1
665,host glycan,host glycan,host glycan,host glycan,0.0,0.0,1,1,1
666,host glycan,host glycan,host glycan,host glycan,0.0,0.0,1,1,1
667,host glycan,host glycan,host glycan,host glycan,0.0,0.0,1,1,1
668,host glycan,host glycan,host glycan,host glycan,0.0,0.0,1,1,1
669,host glycan,host glycan,host glycan,host glycan,0.0,0.0,1,1,1
670,host glycan,host glycan,host glycan,host glycan,0.0,0.0,1,1,1
671,host glycan,host glycan,host glycan,host glycan,0.0,0.14285714285714285,1,1,1
672,host glycan,host glycan,host glycan,beta-glucan,0.0,0.3333333333333333,1,1,0
673,host glycan,host glycan,host glycan,host glycan,0.0,0.0,1,1,1
674,host glycan,host glycan,host glycan,beta-glucan,0.0,0.25,1,1,0
675,host glycan,host glycan,host glycan,host glycan,0.0,0.0,1,1,1
676,host glycan,host glycan,host glycan,host glycan,0.0,0.0,1,1,1
677,host glycan,host glycan,host glycan,host glycan,0.0,0.0,1,1,1
678,host glycan,host glycan,host glycan,host glycan,0.0,0.25,1,1,1
679,host glycan,host glycan,host glycan,host glycan,0.0,0.0,1,1,1
680,host glycan,host glycan,host glycan,host glycan,0.0,0.0,1,1,1
681,host glycan,beta-glucan,beta-glucan,beta-glucan,0.0,0.0,0,0,0
682,host glycan,host glycan,host glycan,host glycan,0.0,0.25,1,1,1
683,host glycan,host glycan,host glycan,chitin,0.0,0.0,1,1,0
684,host glycan,host glycan,host glycan,host glycan,0.0,0.0,1,1,1
685,host glycan,host glycan,host glycan,host glycan,0.0,0.0,1,1,1
686,host glycan,host glycan,host glycan,host glycan,0.0,0.0,1,1,1
687,host glycan,host glycan,host glycan,xylan,0.5,0.0,1,1,0
688,host glycan,host glycan,host glycan,alpha-mannan,0.0,0.0,1,1,0
689,host glycan,host glycan,host glycan,host glycan,0.0,0.0,1,1,1
690,host glycan,host glycan,host glycan,host glycan,0.0,0.0,1,1,1
691,host glycan,host glycan,host glycan,host glycan,0.0,0.0,1,1,1
692,host glycan,host glycan,host glycan,host glycan,0.0,0.5,1,1,1
693,host glycan,host glycan,host glycan,host glycan,0.0,0.0,1,1,1
694,host glycan,host glycan,host glycan,host glycan,0.0,0.0,1,1,1
695,host glycan,host glycan,host glycan,host glycan,0.0,0.0,1,1,1
696,host glycan,host glycan,host glycan,host glycan,0.0,0.0,1,1,1
697,host glycan,host glycan,host glycan,host glycan,0.0,0.0,1,1,1
698,host glycan,host glycan,host glycan,host glycan,0.0,0.0,1,1,1
699,host glycan,host glycan,host glycan,host glycan,0.0,0.1,1,1,1
700,host glycan,host glycan,host glycan,host glycan,0.0,0.0,1,1,1
701,host glycan,host glycan,host glycan,host glycan,0.0,0.0,1,1,1
702,host glycan,host glycan,host glycan,host glycan,0.0,0.0,1,1,1
703,host glycan,host glycan,host glycan,host glycan,0.0,0.1111111111111111,1,1,1
704,host glycan,host glycan,host glycan,host glycan,0.0,0.0,1,1,1
705,host glycan,host glycan,host glycan,host glycan,0.0,0.09090909090909091,1,1,1
706,host glycan,host glycan,host glycan,host glycan,0.0,0.0,1,1,1
707,host glycan,pectin,pectin,pectin,0.0,0.0,0,0,0
708,host glycan,host glycan,host glycan,host glycan,0.0,0.0,1,1,1
709,host glycan,host glycan,host glycan,xylan,0.0,0.0,1,1,0
710,host glycan,host glycan,host glycan,host glycan,0.0,0.0,1,1,1
711,host glycan,host glycan,host glycan,host glycan,0.0,0.0,1,1,1
712,host glycan,host glycan,host glycan,host glycan,0.0,0.0,1,1,1
713,host glycan,host glycan,host glycan,pectin,0.0,0.0,1,1,0
714,host glycan,host glycan,host glycan,host glycan,0.0,0.0,1,1,1
715,host glycan,host glycan,host glycan,xylan,0.0,0.0,1,1,0
716,host glycan,host glycan,host glycan,host glycan,0.0,0.0,1,1,1
717,host glycan,host glycan,host glycan,host glycan,0.0,0.0,1,1,1
718,host glycan,host glycan,host glycan,host glycan,0.0,0.0,1,1,1
719,host glycan,host glycan,host glycan,host glycan,0.0,0.0,1,1,1
720,host glycan,host glycan,host glycan,alpha-mannan,0.0,0.0,1,1,0
721,host glycan,host glycan,host glycan,host glycan,0.0,0.0,1,1,1
722,host glycan,host glycan,host glycan,host glycan,0.0,0.0,1,1,1
723,host glycan,host glycan,host glycan,pectin,0.0,0.0,1,1,0
724,host glycan,host glycan,host glycan,host glycan,0.0,0.0,1,1,1
725,host glycan,host glycan,host glycan,host glycan,0.0,0.0,1,1,1
726,host glycan,host glycan,host glycan,host glycan,0.0,0.0,1,1,1
727,host glycan,host glycan,host glycan,host glycan,0.0,0.0,1,1,1
728,host glycan,host glycan,host glycan,host glycan,0.0,0.0,1,1,1
729,host glycan,host glycan,arabinogalactan,arabinogalactan,0.14285714285714285,0.0,1,0,0
730,host glycan,host glycan,host glycan,host glycan,0.0,0.125,1,1,1
731,host glycan,host glycan,host glycan,host glycan,0.0,0.0,1,1,1
732,host glycan,host glycan,host glycan,host glycan,0.16666666666666666,0.0,1,1,1
733,host glycan,host glycan,host glycan,host glycan,0.0,0.0,1,1,1
734,host glycan,host glycan,host glycan,host glycan,0.0,0.0,1,1,1
735,host glycan,chitin,host glycan,arabinogalactan,0.3,0.5,0,1,0
736,host glycan,host glycan,host glycan,host glycan,0.0,0.125,1,1,1
737,host glycan,host glycan,host glycan,host glycan,0.0,0.0,1,1,1
738,host glycan,host glycan,host glycan,host glycan,0.0,0.0,1,1,1
739,host glycan,host glycan,host glycan,host glycan,0.0,0.0,1,1,1
740,host glycan,host glycan,host glycan,arabinogalactan,0.0,0.0,1,1,0
741,host glycan,host glycan,host glycan,host glycan,0.14285714285714285,0.16666666666666666,1,1,1
742,host glycan,host glycan,host glycan,host glycan,0.0,0.0,1,1,1
743,host glycan,host glycan,host glycan,host glycan,0.0,0.0,1,1,1
744,host glycan,host glycan,host glycan,host glycan,0.0,0.0,1,1,1
745,host glycan,host glycan,host glycan,host glycan,0.0,0.125,1,1,1
746,host glycan,host glycan,host glycan,host glycan,0.0,0.14285714285714285,1,1,1
747,host glycan,host glycan,host glycan,host glycan,0.0,0.14285714285714285,1,1,1
748,host glycan,host glycan,host glycan,host glycan,0.0,0.14285714285714285,1,1,1
749,host glycan,host glycan,host glycan,host glycan,0.0,0.16666666666666666,1,1,1
750,host glycan,host glycan,host glycan,host glycan,0.0,0.3333333333333333,1,1,1
751,host glycan,host glycan,host glycan,host glycan,0.0,0.3333333333333333,1,1,1
752,host glycan,host glycan,host glycan,host glycan,0.0,0.3333333333333333,1,1,1
753,host glycan,galactan,galactan,host glycan,0.0,0.0,0,0,1
754,host glycan,host glycan,host glycan,host glycan,0.0,0.0,1,1,1
755,host glycan,host glycan,host glycan,host glycan,0.0,0.0,1,1,1
756,host glycan,host glycan,host glycan,host glycan,0.0,0.0,1,1,1
757,host glycan,host glycan,host glycan,host glycan,0.0,0.3333333333333333,1,1,1
758,host glycan,host glycan,host glycan,host glycan,0.0,0.3333333333333333,1,1,1
759,host glycan,host glycan,host glycan,host glycan,0.0,0.0,1,1,1
760,host glycan,galactan,galactan,galactan,0.0,0.0,0,0,0
761,host glycan,host glycan,host glycan,host glycan,0.0,0.0,1,1,1
762,host glycan,host glycan,host glycan,host glycan,0.0,0.0,1,1,1
763,host glycan,host glycan,host glycan,host glycan,0.0,0.0,1,1,1
764,host glycan,host glycan,host glycan,host glycan,0.0,0.0,1,1,1
765,host glycan,host glycan,host glycan,host glycan,0.08333333333333333,0.3,1,1,1
766,host glycan,host glycan,host glycan,beta-glucan,0.0,0.0,1,1,0
767,host glycan,host glycan,host glycan,host glycan,0.0,0.0,1,1,1
768,host glycan,host glycan,host glycan,host glycan,0.0,0.14285714285714285,1,1,1
769,host glycan,host glycan,host glycan,host glycan,0.0,0.14285714285714285,1,1,1
770,host glycan,host glycan,host glycan,host glycan,0.0,0.0,1,1,1
771,host glycan,host glycan,host glycan,arabinogalactan,0.0,0.0,1,1,0
772,host glycan,host glycan,host glycan,alginate,0.2,0.0,1,1,0
773,host glycan,host glycan,host glycan,host glycan,0.0,0.06666666666666667,1,1,1
774,host glycan,host glycan,host glycan,host glycan,0.125,0.125,1,1,1
775,host glycan,host glycan,host glycan,host glycan,0.0,0.0,1,1,1
776,host glycan,host glycan,host glycan,host glycan,0.0,0.0,1,1,1
777,host glycan,host glycan,host glycan,host glycan,0.0,0.07692307692307693,1,1,1
778,host glycan,host glycan,host glycan,host glycan,0.0,0.0,1,1,1
779,host glycan,host glycan,host glycan,host glycan,0.0,0.08333333333333333,1,1,1
780,host glycan,host glycan,host glycan,host glycan,0.0,0.0,1,1,1
781,host glycan,host glycan,host glycan,host glycan,0.0,0.0,1,1,1
782,host glycan,host glycan,host glycan,host glycan,0.0,0.16666666666666666,1,1,1
783,host glycan,host glycan,host glycan,host glycan,0.0,0.0,1,1,1
784,host glycan,host glycan,host glycan,host glycan,0.0,0.0,1,1,1
785,host glycan,host glycan,host glycan,host glycan,0.0,0.0,1,1,1
786,host glycan,host glycan,host glycan,host glycan,0.0,0.0,1,1,1
787,host glycan,host glycan,host glycan,host glycan,0.0,0.14285714285714285,1,1,1
788,host glycan,host glycan,host glycan,host glycan,0.0,0.14285714285714285,1,1,1
789,host glycan,host glycan,host glycan,host glycan,0.0,0.125,1,1,1
790,host glycan,host glycan,host glycan,host glycan,0.0,0.125,1,1,1
791,host glycan,host glycan,host glycan,host glycan,0.0,0.0,1,1,1
792,host glycan,host glycan,host glycan,host glycan,0.0,0.07692307692307693,1,1,1
793,host glycan,host glycan,host glycan,host glycan,0.0,0.08333333333333333,1,1,1
794,host glycan,host glycan,host glycan,host glycan,0.0,0.16666666666666666,1,1,1
795,host glycan,host glycan,host glycan,host glycan,0.0,0.0,1,1,1
796,host glycan,host glycan,host glycan,host glycan,0.0,0.0,1,1,1
797,host glycan,host glycan,pectin,host glycan,0.0,0.0,1,0,1
798,host glycan,host glycan,host glycan,host glycan,0.0,0.0,1,1,1
799,host glycan,host glycan,host glycan,host glycan,0.0,0.0,1,1,1
800,host glycan,host glycan,host glycan,host glycan,0.0,0.0,1,1,1
801,host glycan,host glycan,host glycan,host glycan,0.0,0.0,1,1,1
802,host glycan,host glycan,host glycan,host glycan,0.0,0.0,1,1,1
803,host glycan,host glycan,host glycan,host glycan,0.0,0.0,1,1,1
804,host glycan,host glycan,host glycan,host glycan,0.0,0.0,1,1,1
805,host glycan,host glycan,host glycan,host glycan,0.0,0.0,1,1,1
806,host glycan,host glycan,host glycan,host glycan,0.0,0.0,1,1,1
807,host glycan,host glycan,galactan,host glycan,0.0,0.0,1,0,1
808,host glycan,host glycan,host glycan,host glycan,0.0,0.0,1,1,1
809,host glycan,xylan,host glycan,chitin,0.23076923076923078,0.4,0,1,0
810,host glycan,xylan,host glycan,chitin,0.23076923076923078,0.4,0,1,0
811,host glycan,host glycan,host glycan,host glycan,0.0,0.0,1,1,1
812,host glycan,host glycan,host glycan,host glycan,0.0,0.0,1,1,1
813,host glycan,host glycan,host glycan,host glycan,0.0,0.0,1,1,1
814,host glycan,beta-glucan,host glycan,galactan,0.0,0.0,0,1,0
815,host glycan,host glycan,host glycan,host glycan,0.0,0.0,1,1,1
816,host glycan,host glycan,host glycan,host glycan,0.0,0.0,1,1,1
817,host glycan,host glycan,host glycan,host glycan,0.0,0.0,1,1,1
818,host glycan,host glycan,host glycan,pectin,0.0,0.0,1,1,0
819,host glycan,host glycan,host glycan,pectin,0.0,0.0,1,1,0
820,host glycan,host glycan,host glycan,host glycan,0.0,0.14285714285714285,1,1,1
821,host glycan,host glycan,host glycan,host glycan,0.0,0.125,1,1,1
822,host glycan,host glycan,host glycan,host glycan,0.0,0.14285714285714285,1,1,1
823,host glycan,host glycan,host glycan,host glycan,0.0,0.0,1,1,1
824,host glycan,host glycan,host glycan,host glycan,0.0,0.0,1,1,1
825,host glycan,host glycan,host glycan,host glycan,0.0,0.2727272727272727,1,1,1
826,host glycan,host glycan,host glycan,host glycan,0.07692307692307693,0.2727272727272727,1,1,1
827,host glycan,host glycan,host glycan,host glycan,0.09090909090909091,0.0,1,1,1
828,host glycan,host glycan,host glycan,host glycan,0.0,0.0,1,1,1
829,host glycan,host glycan,host glycan,host glycan,0.0,0.0,1,1,1
830,host glycan,host glycan,host glycan,host glycan,0.0,0.0,1,1,1
831,pectin,pectin,pectin,pectin,0.0,0.07142857142857142,1,1,1
832,pectin,pectin,pectin,pectin,0.0,0.2,1,1,1
833,pectin,pectin,pectin,pectin,0.0,0.0,1,1,1
834,pectin,pectin,pectin,pectin,0.0,0.0,1,1,1
835,pectin,pectin,pectin,pectin,0.0,0.0,1,1,1
836,pectin,pectin,pectin,pectin,0.0,0.0,1,1,1
837,pectin,pectin,pectin,pectin,0.0,0.0,1,1,1
838,pectin,pectin,pectin,pectin,0.0,0.0,1,1,1
839,pectin,pectin,pectin,xylan,0.0,0.0,1,1,0
840,pectin,pectin,pectin,pectin,0.0,0.07142857142857142,1,1,1
841,pectin,pectin,pectin,pectin,0.0,0.0,1,1,1
842,pectin,pectin,pectin,pectin,0.0,0.0,1,1,1
843,pectin,pectin,pectin,host glycan,0.0,0.25,1,1,0
844,pectin,chitin,alpha-glucan,chitin,0.3333333333333333,0.0,0,0,0
845,pectin,pectin,pectin,pectin,0.0,0.0,1,1,1
846,pectin,pectin,pectin,pectin,0.0,0.0,1,1,1
847,pectin,pectin,pectin,pectin,0.0,0.0,1,1,1
848,pectin,pectin,pectin,pectin,0.0,0.5,1,1,1
849,pectin,pectin,pectin,pectin,0.0,0.0,1,1,1
850,pectin,pectin,pectin,pectin,0.0,0.1,1,1,1
851,pectin,pectin,pectin,pectin,0.0,0.0,1,1,1
852,pectin,pectin,pectin,pectin,0.08333333333333333,0.1,1,1,1
853,pectin,pectin,pectin,host glycan,0.0,0.0,1,1,0
854,pectin,pectin,pectin,pectin,0.0,0.0,1,1,1
855,pectin,pectin,pectin,pectin,0.0,0.0,1,1,1
856,pectin,pectin,pectin,pectin,0.0,0.0,1,1,1
857,pectin,pectin,pectin,pectin,0.0,0.0,1,1,1
858,pectin,pectin,pectin,pectin,0.0,0.0,1,1,1
859,pectin,pectin,pectin,pectin,0.0,0.08333333333333333,1,1,1
860,pectin,pectin,pectin,pectin,0.0,0.0,1,1,1
861,pectin,pectin,pectin,pectin,0.0,0.0,1,1,1
862,pectin,pectin,pectin,pectin,0.0,0.0,1,1,1
863,pectin,pectin,pectin,pectin,0.0,0.0,1,1,1
864,pectin,pectin,pectin,pectin,0.0,0.0,1,1,1
865,pectin,pectin,pectin,pectin,0.0,0.0,1,1,1
866,pectin,pectin,pectin,pectin,0.0,0.0,1,1,1
867,pectin,pectin,pectin,pectin,0.0,0.0,1,1,1
868,pectin,pectin,pectin,pectin,0.0,0.0,1,1,1
869,pectin,pectin,pectin,alpha-glucan,0.0,0.0,1,1,0
870,pectin,pectin,pectin,pectin,0.0,0.0,1,1,1
871,pectin,pectin,pectin,pectin,0.0,0.0,1,1,1
872,pectin,pectin,pectin,pectin,0.0,0.0,1,1,1
873,pectin,pectin,pectin,pectin,0.0,0.0,1,1,1
874,pectin,pectin,pectin,pectin,0.0,0.0,1,1,1
875,pectin,galactan,galactan,galactan,0.0,0.0,0,0,0
876,pectin,pectin,pectin,pectin,0.0,0.0,1,1,1
877,pectin,host glycan,host glycan,host glycan,0.0,0.0,0,0,0
878,pectin,pectin,beta-glucan,xylan,0.0,0.0,1,0,0
879,pectin,pectin,host glycan,arabinogalactan,0.0,0.0,1,0,0
880,pectin,pectin,pectin,pectin,0.0,0.0,1,1,1
881,pectin,host glycan,host glycan,host glycan,0.0,0.0,0,0,0
882,pectin,pectin,host glycan,host glycan,0.0,0.0,1,0,0
883,pectin,pectin,pectin,arabinogalactan,0.0,0.0,1,1,0
884,pectin,arabinogalactan,arabinogalactan,arabinogalactan,0.0,0.0,0,0,0
885,pectin,pectin,pectin,pectin,0.0,0.0,1,1,1
886,pectin,galactan,galactan,galactan,0.0,0.0,0,0,0
887,pectin,host glycan,host glycan,host glycan,0.0,0.0,0,0,0
888,pectin,pectin,pectin,host glycan,0.0,0.0,1,1,0
889,pectin,pectin,pectin,pectin,0.0,0.0,1,1,1
890,pectin,pectin,pectin,pectin,0.0,0.0,1,1,1
891,pectin,pectin,pectin,pectin,0.0,0.09375,1,1,1
892,pectin,pectin,pectin,pectin,0.0,0.07142857142857142,1,1,1
893,pectin,pectin,pectin,pectin,0.0,0.07142857142857142,1,1,1
894,pectin,pectin,pectin,pectin,0.0,0.0,1,1,1
895,pectin,pectin,pectin,pectin,0.0,0.0,1,1,1
896,pectin,pectin,pectin,pectin,0.0,0.0,1,1,1
897,pectin,pectin,pectin,pectin,0.2,0.25,1,1,1
898,pectin,pectin,pectin,pectin,0.0,0.0,1,1,1
899,pectin,pectin,pectin,pectin,0.0,0.0,1,1,1
900,pectin,pectin,pectin,pectin,0.0,0.07142857142857142,1,1,1
901,pectin,pectin,pectin,pectin,0.25,0.0,1,1,1
902,pectin,beta-glucan,pectin,beta-glucan,0.0,0.0,0,1,0
903,pectin,pectin,pectin,pectin,0.0,0.0,1,1,1
904,pectin,pectin,pectin,pectin,0.0,0.0,1,1,1
905,pectin,pectin,pectin,pectin,0.0,0.0,1,1,1
906,pectin,pectin,pectin,pectin,0.0,0.0,1,1,1
907,pectin,pectin,pectin,pectin,0.2,0.2,1,1,1
908,pectin,pectin,pectin,pectin,0.0,0.0,1,1,1
909,pectin,pectin,pectin,pectin,0.0,0.0,1,1,1
910,pectin,pectin,pectin,pectin,0.0,0.0,1,1,1
911,pectin,pectin,pectin,xylan,0.0,0.0,1,1,0
912,pectin,pectin,pectin,pectin,0.0,0.0,1,1,1
913,pectin,host glycan,pectin,host glycan,0.0,0.0,0,1,0
914,pectin,host glycan,host glycan,host glycan,0.0,0.0,0,0,0
915,pectin,pectin,pectin,pectin,0.0,0.0,1,1,1
916,pectin,pectin,pectin,pectin,0.0,0.0,1,1,1
917,pectin,pectin,pectin,pectin,0.0,0.0,1,1,1
918,pectin,pectin,pectin,pectin,0.0,0.0,1,1,1
919,pectin,pectin,pectin,pectin,0.2,0.2,1,1,1
920,pectin,pectin,pectin,pectin,0.0,0.0,1,1,1
921,pectin,pectin,pectin,pectin,0.0,0.08571428571428572,1,1,1
922,pectin,pectin,pectin,pectin,0.0,0.0,1,1,1
923,pectin,pectin,pectin,pectin,0.0,0.0,1,1,1
924,pectin,pectin,pectin,pectin,0.0,0.0,1,1,1
925,pectin,pectin,pectin,pectin,0.0,0.0,1,1,1
926,pectin,pectin,pectin,pectin,0.0,0.0,1,1,1
927,pectin,pectin,pectin,pectin,0.08333333333333333,0.1,1,1,1
928,pectin,pectin,pectin,pectin,0.0,0.0,1,1,1
929,pectin,pectin,pectin,pectin,0.0,0.0,1,1,1
930,pectin,pectin,pectin,pectin,0.16666666666666666,0.2222222222222222,1,1,1
931,pectin,pectin,pectin,pectin,0.0,0.0,1,1,1
932,pectin,pectin,pectin,pectin,0.0,0.0,1,1,1
933,xylan,xylan,xylan,xylan,0.0,0.0,1,1,1
934,xylan,xylan,xylan,xylan,0.0,0.0,1,1,1
935,xylan,xylan,xylan,xylan,0.0,0.0,1,1,1
936,xylan,xylan,xylan,xylan,0.125,0.0,1,1,1
937,xylan,beta-glucan,beta-glucan,host glycan,0.0,0.0,0,0,0
938,xylan,xylan,xylan,xylan,0.0,0.0,1,1,1
939,xylan,xylan,xylan,host glycan,0.0,0.0,1,1,0
940,xylan,xylan,xylan,host glycan,0.0,0.0,1,1,0
941,xylan,xylan,xylan,xylan,0.0,0.0,1,1,1
942,xylan,xylan,xylan,xylan,0.0,0.0,1,1,1
943,xylan,beta-mannan,xylan,arabinogalactan,0.2,0.0,0,1,0
944,xylan,xylan,xylan,xylan,0.0,0.0,1,1,1
945,xylan,xylan,xylan,xylan,0.0,0.0,1,1,1
946,xylan,xylan,xylan,xylan,0.0,0.0,1,1,1
947,xylan,xylan,xylan,xylan,0.0,0.0,1,1,1
948,xylan,xylan,xylan,xylan,0.0,0.0,1,1,1
949,xylan,xylan,xylan,xylan,0.0,0.0,1,1,1
950,xylan,xylan,xylan,xylan,0.0,0.0,1,1,1
951,xylan,xylan,xylan,xylan,0.0,0.0,1,1,1
952,xylan,xylan,xylan,xylan,0.0,0.0,1,1,1
953,xylan,xylan,xylan,xylan,0.0,0.0,1,1,1
954,xylan,xylan,xylan,xylan,0.0,0.0,1,1,1
955,xylan,xylan,xylan,xylan,0.0,0.0,1,1,1
956,xylan,xylan,xylan,xylan,0.0,0.0,1,1,1
957,xylan,xylan,xylan,xylan,0.06896551724137931,0.0,1,1,1
958,xylan,xylan,xylan,xylan,0.0,0.0,1,1,1
959,xylan,xylan,xylan,xylan,0.0,0.0,1,1,1
960,xylan,xylan,xylan,xylan,0.0,0.0,1,1,1
961,xylan,xylan,xylan,arabinogalactan,0.0,0.0,1,1,0
962,xylan,xylan,xylan,pectin,0.0,0.0,1,1,0
963,xylan,xylan,xylan,arabinogalactan,0.0,0.0,1,1,0
964,xylan,xylan,xylan,galactan,0.0,0.13333333333333333,1,1,0
965,xylan,xylan,xylan,host glycan,0.0,0.0,1,1,0
966,xylan,xylan,xylan,host glycan,0.0,0.0,1,1,0
967,xylan,xylan,xylan,xylan,0.0,0.0,1,1,1
968,xylan,xylan,xylan,xylan,0.0,0.0,1,1,1
969,xylan,xylan,xylan,xylan,0.0,0.0,1,1,1
970,xylan,alpha-glucan,beta-glucan,beta-glucan,0.25,0.25,0,0,0
971,xylan,xylan,xylan,xylan,0.038461538461538464,0.045454545454545456,1,1,1
972,xylan,xylan,xylan,beta-glucan,0.0,0.0,1,1,0
973,xylan,beta-glucan,xylan,xylan,0.0,0.0,0,1,1
974,xylan,xylan,xylan,xylan,0.0,0.07142857142857142,1,1,1
975,xylan,xylan,xylan,xylan,0.0,0.0,1,1,1
976,xylan,xylan,xylan,xylan,0.0,0.0,1,1,1
977,xylan,xylan,xylan,xylan,0.0,0.0,1,1,1
978,xylan,xylan,xylan,xylan,0.0,0.0,1,1,1
979,xylan,xylan,xylan,xylan,0.0,0.0,1,1,1
980,xylan,xylan,xylan,xylan,0.038461538461538464,0.045454545454545456,1,1,1
981,xylan,xylan,xylan,xylan,0.0,0.0,1,1,1
982,xylan,xylan,xylan,xylan,0.0,0.0,1,1,1
983,xylan,beta-glucan,beta-glucan,arabinogalactan,0.0,0.0,0,0,0
984,xylan,xylan,xylan,xylan,0.0,0.0,1,1,1
985,xylan,xylan,xylan,xylan,0.0,0.0,1,1,1
986,xylan,xylan,xylan,arabinogalactan,0.0,0.0,1,1,0
987,xylan,xylan,xylan,xylan,0.0,0.0,1,1,1
988,xylan,xylan,xylan,xylan,0.0,0.0,1,1,1
989,xylan,xylan,xylan,xylan,0.0,0.0,1,1,1
990,xylan,xylan,xylan,xylan,0.0,0.0,1,1,1
991,xylan,xylan,xylan,xylan,0.0,0.14285714285714285,1,1,1
992,xylan,xylan,xylan,xylan,0.0,0.0,1,1,1
993,xylan,xylan,xylan,xylan,0.0,0.0,1,1,1
994,xylan,xylan,xylan,xylan,0.0,0.0,1,1,1
995,xylan,xylan,xylan,xylan,0.0,0.0,1,1,1
996,xylan,xylan,xylan,xylan,0.0,0.0,1,1,1
997,xylan,xylan,xylan,xylan,0.0,0.0,1,1,1
998,xylan,xylan,xylan,xylan,0.0,0.0,1,1,1
999,xylan,xylan,xylan,xylan,0.0,0.0,1,1,1
1000,xylan,xylan,xylan,xylan,0.05263157894736842,0.0,1,1,1
1001,xylan,xylan,xylan,xylan,0.0,0.0,1,1,1
1002,xylan,xylan,xylan,galactan,0.0,0.0,1,1,0
1003,xylan,xylan,xylan,xylan,0.0,0.0,1,1,1
1004,xylan,xylan,xylan,xylan,0.0,0.0,1,1,1
1005,xylan,xylan,xylan,host glycan,0.0,0.0,1,1,0
1006,xylan,xylan,beta-glucan,beta-mannan,0.0,0.0,1,0,0
1007,xylan,xylan,xylan,xylan,0.0,0.0,1,1,1
1008,xylan,xylan,xylan,xylan,0.07692307692307693,0.0,1,1,1
1009,xylan,xylan,xylan,xylan,0.0,0.0,1,1,1
1010,xylan,xylan,xylan,xylan,0.0,0.0,1,1,1
1011,xylan,xylan,xylan,arabinogalactan,0.0,0.0,1,1,0
1012,xylan,xylan,xylan,xylan,0.0,0.1,1,1,1
1013,xylan,xylan,xylan,xylan,0.0,0.1111111111111111,1,1,1
1014,xylan,xylan,xylan,xylan,0.0,0.1,1,1,1
1015,xylan,xylan,xylan,xylan,0.0,0.1,1,1,1
1016,xylan,xylan,xylan,xylan,0.06666666666666667,0.09090909090909091,1,1,1
1017,xylan,xylan,xylan,xylan,0.0,0.1,1,1,1
1018,xylan,xylan,xylan,xylan,0.06666666666666667,0.0,1,1,1
1019,xylan,xylan,xylan,chitin,0.0,0.0,1,1,0
1020,xylan,xylan,xylan,xylan,0.0,0.0,1,1,1
1021,xylan,xylan,xylan,xylan,0.0,0.0,1,1,1
1022,xylan,xylan,xylan,xylan,0.0,0.0,1,1,1
1023,xylan,xylan,xylan,pectin,0.0,0.0,1,1,0
1024,xylan,arabinogalactan,arabinogalactan,arabinogalactan,0.0,0.0,0,0,0
1025,xylan,xylan,xylan,xylan,0.14285714285714285,0.0,1,1,1
1026,xylan,xylan,xylan,xylan,0.0,0.0,1,1,1
1027,xylan,xylan,xylan,xylan,0.0,0.0,1,1,1
1028,xylan,xylan,xylan,xylan,0.0,0.0,1,1,1
1029,xylan,xylan,xylan,xylan,0.09090909090909091,0.0,1,1,1
